{"text": " Let's see what this thing do.", "segments": [{"id": 0, "seek": 0, "start": 0.0, "end": 2.0, "text": " Let's see what this thing do.", "tokens": [50364, 961, 311, 536, 437, 341, 551, 360, 13, 50464], "temperature": 0.0, "avg_logprob": -0.5397713401100852, "compression_ratio": 0.8529411764705882, "no_speech_prob": 0.052887655794620514}], "language": "English"}